{"cameraMode":{"drawMode":0,"name":"Shaded","section":"Shading Mode"},"sceneLighting":true,"audioPlay":false,"sceneViewState":{"showFog":true,"showMaterialUpdate":false,"showSkybox":true,"showFlares":true,"showImageEffects":true,"showParticleSystems":true},"in2DMode":false,"pivot":{"x":1.1036784648895264,"y":1.0816631317138672,"z":0.6250591278076172},"rotation":{"x":-0.01877627521753311,"y":0.9732195138931274,"z":-0.21233293414115907,"w":-0.0860602855682373},"size":2.179720163345337,"orthographic":false}